ID,M/Z,Retention,Name,Formula,
1,92.9275222,0.689817949,"Isobutyronitrile;
2-Methylpropanenitrile",C4H7N,
2,94.92459703,0.689816026,1-Pyrrolinium,C4H7N,
3,268.8007133,0.691120513,3-Buten-1-amine,C4H9N,
4,102.9564682,0.669641667,Pyrrolidine,C4H9N,
5,270.7977864,0.69148913,(R)-2-Methylpyrrolidine,C5H11N,
6,266.803735,0.691659028,Piperidine,C5H11N,
7,150.8863954,0.690466026,Piperidine,C5H11N,
8,152.8835001,0.690979487,(R)-2-Methylpyrrolidine,C5H11N,
9,316.9473432,0.638119231,Cytosine,C4H5N3O,
10,180.9728264,0.648024359,Selenium Sulfide,SSe,
11,210.8420272,0.689677564,4-Carboxypyrazole,C4H4N2O2,
12,278.8292702,0.675575758,Uracil,C4H4N2O2,
13,197.8075497,0.705866026,Maleic hydrazide,C4H4N2O2,
14,104.953571,0.669916667,Indole,C8H7N,
15,83.02450562,17.01857051,Benzeneacetonitrile,C8H7N,
16,384.934721,0.635111538,4-Ethynylaniline,C8H7N,
17,208.8451912,0.689946154,Thymine,C5H6N2O2,
18,326.7586842,0.69817037,Imidazole-4-acetate,C5H6N2O2,
19,276.8331452,0.56703913,1H-Imidazole-1-acetic acid,C5H6N2O2,
20,96.92173445,0.689426282,"D-2-Aminohexano-6-lactam;
(R)-2-Aminohexano-6-lactam",C6H12N2O,
21,195.8106901,0.707019872,"L-Lysine 1,6-lactam;
L-2-Aminohexano-6-lactam;
L-alpha-Aminocaprolactam;
(S)-2-Aminohexano-6-lactam",C6H12N2O,
22,272.7947955,0.691952083,(S)-Piperidine-2-carboxamide,C6H12N2O,
23,328.7560388,0.6990625,1-Piperidine carboxylic acid,C6H11NO2,
24,154.8806027,0.690719872,3-Acetamidobutanal,C6H11NO2,
25,212.8392213,0.689007051,N-Methyl-L-Proline ,C6H11NO2,
26,228.902393,0.66935641,L-trans-4-Methyl-2-pyrrolidinecarboxylic acid,C6H11NO2,
27,199.8048195,0.703567308,N4-Acetylaminobutanal,C6H11NO2,
28,280.826309,0.670225641,Pipecolic acid,C6H11NO2,
29,131.0353722,17.01683974,(2E)-Decenoyl-ACP,C6H11NO2,
30,218.8742072,0.67190641,L-Pipecolic acid,C6H11NO2,
31,220.8707911,0.675010897,2-Pyrrolidineacetic acid,C6H11NO2,
32,560.590338,0.6931625,Vigabatrin,C6H11NO2,
33,444.6734005,0.687221795,D-Pipecolic acid,C6H11NO2,
34,324.7613821,0.697492424,trans-3-Aminocyclopentane-1-carboxylic acid,C6H11NO2,
35,146.9383954,0.065601282,Nipecotic Acid,C6H11NO2,
36,196.893961,0.069626282,"(3R)-beta-Leucine;
(3R)-3-Amino-4-methylpentanoic acid;
(3R)-3-Amino-4-methylvaleric acid",C6H13NO2,
37,562.5872706,0.698788095,"D-Isoleucine;
(2R,3R)-2-Amino-3-methylvaleric acid",C6H13NO2,
38,442.6768204,0.685838542,"beta-Alaninebetaine;
beta-Alanine betaine;
Propiobetaine;
Trimethylalanine",C6H13NO2,
39,170.9440644,0.666505128,D-allo-Isoleucine,C6H13NO2,
40,502.6320077,0.692307407,6-amino-hexanoic acid,C6H13NO2,
41,160.8417826,0.705192308,L-Norleucine,C6H13NO2,
42,162.8389147,0.705064744,3-Aminocaproic acid,C6H13NO2,
43,558.5928232,0.693646296,L-Isoleucine ,C6H13NO2,
44,500.6357169,0.686341667,2-Amino-4-methylpentanoic acid,C6H13NO2,
45,504.6289808,0.692890741,N-methylvaline,C6H13NO2,
46,116.0252489,17.01747436,L-Leucine,C6H13NO2,
47,160.9152573,0.673670513,D-Leucine,C6H13NO2,
48,330.753134,0.699041667,L-Alloisoleucine,C6H13NO2,
49,116.9282808,17.00316667,Beta-Leucine,C6H13NO2,
50,446.6701529,0.699202381,(±)-erythro-Isoleucine,C6H13NO2,
51,190.9282247,0.063444872,N-(2-Hydroxyethyl)-morpholine,C6H13NO2,
52,80.97422732,0.704848077,6-Deoxyfagomine,C6H13NO2,
53,173.1180006,10.09484936,"N,N-Diethylglycine",C6H13NO2,
54,117.0203426,17.01685897,"L-Alanine, N-propyl-",C6H13NO2,
55,564.5841752,0.743483333,1-nitrohexane,C6H13NO2,
56,132.9461466,0.718605769,2S-Amino-3S-methylpentanoic acid,C6H13NO2,
57,162.9124706,0.673233333,1-deoxy-1-(N6-lysino)-D-fructose,C4H7NO4,
58,792.4250595,0.698633333,D-Aspartic acid,C4H7NO4,
59,618.5489589,0.697559524,Iminodiacetic acid ,C4H7NO4,
60,452.705529,0.676685714,L-Aspartic acid,C4H7NO4,
61,454.7018416,0.67921,"1,4-Dideoxy-1,4-Imino-D-Arabinitol",C5H11NO3,
62,187.0972299,9.292685897,3-Hydroxynorvaline,C5H11NO3,
63,676.5072419,0.697897619,L-O-Methylthreonine,C5H11NO3,
64,222.867707,0.674501282,L-2-Amino-5-hydroxypentanoic acid,C5H11NO3,
65,250.1444825,15.28755,"1,4-Dideoxy-1,4-imino-D-ribitol",C5H11NO3,
66,82.97129411,0.703746154,N-Lactoyl ethanolamine,C5H11NO3,
67,178.9774722,0.576939744,N-Hydroxy-L-valine,C5H11NO3,
68,164.8358896,0.704082692,Trigonelline,C7H7NO2,
69,274.791859,0.704875758,2-Aminobenzoic acid,C7H7NO2,
70,201.8018958,0.703155128,m-Aminobenzoic acid,C7H7NO2,
71,282.8231072,0.671283333,4-Aminobenzoic acid ,C7H7NO2,
72,215.0324583,0.701201282,Salicylamide,C7H7NO2,
73,293.1754637,12.16525192,2-Pyridylacetic acid,C7H7NO2,
74,187.1336342,10.96826538,3-Pyridylacetic acid,C7H7NO2,
75,84.00849812,17.19914103,Methyl nicotinate,C7H7NO2,
76,572.6155123,0.680661667,2-Nitrotoluene,C7H7NO2,
77,512.6603016,0.675665476,2-Pyridylacetic acid,C7H7NO2,
78,274.8866386,0.626997436,3-Nitrotoluene,C7H7NO2,
79,556.5959371,0.680220833,"4-Nitrotoluene;
1-Methyl-4-nitrobenzene",C7H7NO2,
80,145.0511991,17.01667949,Salicylamide,C7H7NO2,
81,616.5515776,0.69862619,(E)-Urocanic acid,C6H6N2O2,
82,147.0300269,17.017,Nicotinamide N-oxide,C6H6N2O2,
83,456.6982478,0.684186275,2-Aminonicotinic acid,C6H6N2O2,
84,152.9860508,1.128454487,Urocanic acid,C6H6N2O2,
85,109.0292818,0.085788462,5-Oxo-2(5H)-isoxazolepropanenitrile,C6H6N2O2,
86,130.0408426,17.0173141,"4-Nitroaniline;
p-Nitroaniline;
4-Nitrobenzeneamine",C6H6N2O2,
87,134.0358331,17.01637821,para-Benzoquinone dioxime,C6H6N2O2,Compound Discoverer Duffy
88,102.9484638,0.064480769,Acipimox (5-methylpyrazine-2-carboxylic acid),C6H6N2O2,
89,93.00892786,17.02364103,methyl 4-Pyrimidine Carboxylate,C6H6N2O2,
90,110.9755085,0.842250641,2-Pyrimidine Acetic Acid,C6H6N2O2,
91,332.7498225,0.692440741,methyl 2-Pyrimidine Carboxylate,C6H6N2O2,
92,134.9432284,0.717984615,D-Proline betaine,C7H13NO2,
93,207.1386044,12.24367372,"(E)-4-(Trimethylammonio)but-2-enoate;
Crotono-betaine;
Crotonobetaine",C7H13NO2,
94,674.5106955,0.7314625,Proline betaine,C7H13NO2,
95,156.8775466,0.691562667,L-2-Amino-3-methylenehexanoic acid,C7H13NO2,
96,184.9433738,0.550216667,"3beta,6beta-Dihydroxynortropane",C7H13NO2,
97,200.9649305,0.662651282,1-Aminocyclohexanecarboxylic acid,C7H13NO2,
98,118.0045504,17.01701282,Hydroxycyclohexane-carboxylic Acid,C7H12O3,
99,734.4665975,0.695533333,"7-Oxoheptanoic acid;
7-Ketoheptanoic acid",C7H12O3,
100,283.2638942,16.42454167,trans-4-Hydroxycyclohexanecarboxylate,C7H12O3,
101,190.050724,11.47831154,(S)-2-aceto-2-hydroxy-butanoic acid,C7H12O3,
102,212.9382131,0.548683333,isopropyl 3-hydroxybut-2-enoate,C7H12O3,
103,248.8655014,0.070373077,Methyl (R)-3-methyl-2-oxopentanoate,C7H12O3,
104,140.9939235,0.807896,4-Hydroxycyclohexylcarboxylic acid,C7H12O3,
105,221.0817478,11.47388974,Botryodiplodin,C7H12O3,
106,173.0816392,8.637058974,Tetrahydrofurfuryl acetate,C7H12O3,
107,201.1130497,9.917314744,Ethyl levulinate,C7H12O3,
108,110.96976,0.639301282,2-Keto-n-heptylic acid,C7H12O3,
109,171.0661427,8.816401282,n-valeryl acetic acid,C7H12O3,
110,136.9174572,0.707324359,3-butyrl propionic acid,C7H12O3,
111,157.05158,17.01716026,4-propionyl butyric acid,C7H12O3,
112,125.0242112,0.117584615,5-aceto valeric acid,C7H12O3,
113,229.1438825,11.05054744,2S-Hydroxy-2-isopropylbutano-3S-lactone,C7H12O3,
114,277.1439849,13.58596154,2-Hydroxyparaconate,C5H6O5,
115,95.02460214,17.01701282,Oxaloacetate 4-methyl ester,C5H6O5,
116,340.7820648,0.631933333,"5-Hydroxy-2,4-dioxopentanoate",C5H6O5,
117,91.02963448,17.01762179,"Dehydro-D-arabinono-1,4-lactone;
(5R)-3,4-Dihydroxy-5-(hydroxymethyl)furan-2(5H)-one",C5H6O5,
118,390.7083566,0.701440476,Methyloxaloacetate,C5H6O5,
119,500.277427,12.79237115,Oxoglutaric acid,C5H6O5,
120,121.0293984,9.671182051,3-Oxoglutaric acid,C5H6O5,
121,215.1282531,10.50052308,Penicillamine,C5H11NO2S,
122,188.9512086,11.371775,"D-Methionine;
D-2-Amino-4-(methylthio)butyric acid",C5H11NO2S,
123,745.5503225,15.22061042,L-Methionine,C5H11NO2S,
124,239.1285662,12.65753077,Racemethionine,C5H11NO2S,
125,243.1595116,11.56637949,Penicillamine,C5H11NO2S,
126,193.815221,0.708223188,1-Methylhypoxanthine ,C6H6N4O,
127,201.1493234,11.57699551,7-Methylhypoxanthine,C6H6N4O,
128,197.021888,0.727532692,Methyl isopentyl disulfide,C6H14S2,
129,123.0198886,17.11828846,Diisopropyl disulfide,C6H14S2,
130,154.8983736,0.707615385,Dipropyl disulfide,C6H14S2,
131,186.9389753,0.614901282,"1,6-Hexanedithiol",C6H14S2,
132,257.1752466,12.05577628,Butyl ethyl disulfide,C6H14S2,
133,211.0971096,10.53808974,Methyl pentyl disulfide,C6H14S2,
134,186.8653879,0.073105769,xi-1-(Propylthio)-1-propanethiol,C6H14S2,
135,155.0359666,17.0173141,3-Nitrophenylhydrazine,C6H7N3O2,
136,152.9043092,0.070078846,"1,2-Diamino-4-nitrobenzene",C6H7N3O2,
137,465.3038461,15.62601944,"1,4-Diamino-2-nitrobenzene",C6H7N3O2,
138,119.0249956,17.01685897,"2,5-Furandicarboxylic acid",C6H4O5,
139,191.0194517,1.92733141,Orotic acid,C5H4N2O4,
140,145.014924,17.01762821,"Uracil 5-carboxylate;
Uracil 5-carboxylic acid;
5-Carboxyuracil",C5H4N2O4,
141,251.1646752,12.25234808,(S)-Homostachydrine,C8H15NO2,
142,123.0450513,0.080960897,Tranexamic Acid,C8H15NO2,
143,115.0398231,0.104314103,"N,N-diethyl-3-hydroxybut-2-enamide",C8H15NO2,
144,150.982652,0.587504487,Lentiginosine,C8H15NO2,
145,180.8993068,0.057625,Homostachydrine,C8H15NO2,
146,146.9463758,0.698129487,3-Hydroxystachydrine,C7H13NO3,
147,818.5538975,15.13652917,"Calystegin A3;
Calystegine A3",C7H13NO3,
148,398.7400648,0.675945238,N-isovalerylglycine,C7H13NO3,
149,217.0294064,0.700178205,Methyl N-butyrylglycine,C7H13NO3,
150,190.9483378,11.37115192,Isobutyrylglycine methyl ester,C7H13NO3,
151,136.9096141,0.056625,Methyl 5-(hydroxymethyl)pyrrolidine-3-carboxylate,C7H13NO3,
152,73.01620234,17.22805128,Calystegine A7,C7H13NO3,
153,276.8833914,0.646745513,Turicine,C7H13NO3,
154,164.9095242,0.673026923,Valerylglycine,C7H13NO3,
155,165.0552996,11.67565897,Betonicine,C7H13NO3,
156,420.2498668,12.59061859,Medicanine,C7H13NO3,
157,193.086488,11.83229359,3-Dehydrocarnitine,C7H13NO3,
158,195.0657062,0.117047436,N-Acetylvaline,C7H13NO3,
159,208.946438,0.528185897,2-Methylbutyrylglycine,C7H13NO3,
160,156.8952288,0.710037179,5-Acetamidovalerate,C7H13NO3,
161,330.8006689,0.761035714,4-Hydroxystachydrine,C7H13NO3,
162,264.9091916,0.545608974,Calystegin A3,C7H13NO3,
163,123.0311354,17.01607692,Isovalerylglycine,C7H13NO3,
164,144.9230851,17.00436538,Calystegine A6,C7H13NO3,
165,719.5338622,14.66403889,3-Hydroxystachydrine,C7H13NO3,
166,458.6959017,0.681871429,"Calystegin A3;
Calystegine A3",C7H13NO3,
167,173.1179921,10.61055833,N-isovalerylglycine,C7H13NO3,
168,450.6645916,0.665646296,Methyl N-butyrylglycine,C7H13NO3,
169,139.039889,0.110723718,Isobutyrylglycine methyl ester,C7H13NO3,
170,242.8993791,0.070374359,Methyl 5-(hydroxymethyl)pyrrolidine-3-carboxylate,C7H13NO3,
171,242.17581,10.61951987,Calystegine A7,C7H13NO3,
172,588.3297185,12.86245641,Turicine,C7H13NO3,
173,394.844048,0.634466026,Valerylglycine,C7H13NO3,
174,203.1285491,10.98866795,Betonicine,C7H13NO3,
175,265.1472256,12.76244808,Medicanine,C7H13NO3,
176,253.1441603,11.71348782,3-Dehydrocarnitine,C7H13NO3,
177,109.0040618,17.01777564,N-Acetylvaline,C7H13NO3,
178,165.0189444,8.100319872,2-Methylbutyrylglycine,C7H13NO3,
179,328.8038517,0.74729375,5-Acetamidovalerate,C7H13NO3,
180,229.1805555,12.96103013,4-Hydroxystachydrine,C7H13NO3,
181,257.0451678,10.80691538,Calystegin A3,C7H13NO3,
182,144.8695073,0.710866,Isovalerylglycine,C7H13NO3,
183,191.1074031,12.62556603,Calystegine A6,C7H13NO3,
184,217.107784,8.477119872,2-Aminooctanoic acid,C8H17NO2,
185,158.8464802,0.705191667,Pregabalin,C8H17NO2,
186,137.0242355,10.03885577,3-Aminooctanoic acid,C8H17NO2,
187,146.8665173,0.712011333,DL-2-Aminooctanoic acid,C8H17NO2,
188,142.0407974,17.0173141,8-Aminooctanoic acid,C8H17NO2,
189,84.99012921,0.639847436,1-Methylguanine,C6H7N5O,
190,591.3890773,15.32355,N2-Methylguanine,C6H7N5O,
191,292.8275428,0.708765476,3-Methylguanine,C6H7N5O,
192,236.1414531,12.15854423,7-Methylguanine,C6H7N5O,
193,294.8235469,0.745958333,6-O-Methylguanine,C6H7N5O,
194,93.0206174,0.685852174,Uric acid,C5H4N4O3,
195,311.16817,13.39512756,Phosphodimethylethanolamine,C4H12NO4P,
196,159.1023821,9.756558333,4-hydroperoxy 2-Nonenal,C9H16O3,
197,564.3297285,13.03041923,"5(6)-Pentyl-1,4-dioxan-2-one",C9H16O3,
198,233.1543673,14.22166987,9-oxo-nonanoic acid,C9H16O3,
199,231.0869155,0.12777,"5-Pentyl-1,4-dioxan-2-one",C9H16O3,
200,334.8916053,0.546201923,3-Methylbutyl 3-oxobutanoate,C9H16O3,
201,151.0397635,0.098427564,Butyl levulinate,C9H16O3,
202,167.1074553,10.53888526,2-Methylpropyl 3-hydroxy-2-methylidenebutanoate,C9H16O3,
203,138.9145753,0.700236538,Butyl 3-hydroxy-2-methylidenebutanoate,C9H16O3,
204,103.014533,0.141660897,"6-Pentyl-1,4-dioxan-2-one",C9H16O3,
205,227.128631,11.36199936,4-hydroperoxynonenal ,C9H16O3,
206,202.9409583,0.55259359,Tetrahydrofurfuryl butyrate,C9H16O3,
207,124.9913913,1.092941026,cis-3-Hexenyl lactate,C9H16O3,
208,92.83397493,0.683940909,7-methyl-4-oxo-octanoic acid,C9H16O3,
209,271.1912038,12.53347244,7-methyl-6-oxo-octanoic acid,C9H16O3,
210,524.2774838,12.52367353,3-oxo-nonanoic acid,C9H16O3,
211,199.0608304,0.108529487,8-oxo-nonanoic acid,C9H16O3,
212,80.91616389,0.711261538,7-methyl-3-oxooctanoic acid,C9H16O3,
213,158.9783308,0.589846154,n-heptanoyl acetic acid,C9H16O3,
214,239.0593113,15.74460705,3-caproyl propionic acid,C9H16O3,
215,215.1645907,12.31879231,4-n-valeryl butyric acid,C9H16O3,
216,237.8970809,0.069776923,n-butyrl n-valeric acid,C9H16O3,
217,144.9615274,11.37143333,6-propionyl n-caproic acid,C9H16O3,
218,199.0190184,0.726874359,9-hydroxy-5Z-nonenoic acid,C9H16O3,
219,232.9021343,0.077346795,"(3R,6S)-3-Hydroxy-1,7-dioxaspiro[5.5]undecane",C9H16O3,
220,168.0308854,17.01716667,"(3S,6S)-3-Hydroxy-1,7-dioxaspiro[5.5]undecane",C9H16O3,
221,315.253415,13.00371218,"(4R,6S)-4-Hydroxy-1,7-dioxaspiro[5.5]undecane",C9H16O3,
222,187.1336215,11.37019936,"(4S,6S)-4-Hydroxy-1,7-dioxaspiro[5.5]undecane",C9H16O3,
223,256.8752868,0.585347436,2-Oxoarginine,C6H11N3O3,
224,128.0351656,1.839908333,2-Oxoarginine,C6H11N3O3,
225,159.0661877,7.927144872,"Dehydroascorbate;
Dehydroascorbic acid;
L-Dehydroascorbate;
L-Dehydroascorbic acid",C6H6O6,
226,476.2774233,12.84633205,Dehydroascorbic acid,C6H6O6,
227,213.076537,0.118905128,cis-Aconitic acid,C6H6O6,
228,325.1837534,13.98393718,trans-Aconitic acid,C6H6O6,
229,264.1236625,11.47828654,"Dehydroascorbate;
Dehydroascorbic acid;
L-Dehydroascorbate;
L-Dehydroascorbic acid",C6H6O6,
230,78.91816824,0.71155,Dehydroascorbic acid,C6H6O6,
231,194.0818329,13.34670705,cis-Aconitic acid,C6H6O6,
232,223.0608491,0.119998718,trans-Aconitic acid,C6H6O6,
233,206.8693808,0.600258333,Hydroxymethyl indol-3-yl ketone,C10H9NO2,
234,181.0504388,0.107199359,Indoleacetic acid,C10H9NO2,
235,166.8330149,0.705220513,5-Hydroxyindoleacetaldehyde,C10H9NO2,
236,73.02876787,0.104425,1-Methoxy-1H-indole-3-carboxaldehyde,C10H9NO2,
237,188.9127461,0.076448718,Gentianine,C10H9NO2,
238,313.077904,16.75723718,"(Indol-3-yl)glycolaldehyde;
3-Indoleglycolaldehyde",C10H9NO2,
239,165.0552542,0.096185897,"NH2Mec;
7-Amino-4-methylcoumarin",C10H9NO2,
240,279.1628441,13.26989615,"N-Acetylindoxyl;
Acetylindoxyl",C10H9NO2,
241,733.5493576,16.76494722,"3-Methyl-quinolin-2,8-diol",C10H9NO2,
242,231.9312493,0.068715385,"2-Methylquinoline-3,4-diol",C10H9NO2,
243,159.10239,9.27305,Argininic acid,C6H13N3O3,
244,257.1752983,13.33492949,Citrulline,C6H13N3O3,
245,218.9043191,0.548507051,"3-(Carboxycarbonylamino)-L-alanine;
N3-Oxalyl-L-2,3-diaminopropanoate;
L-alpha-Amino-beta-oxalylaminopropionic acid;
beta-ODAP",C5H8N2O5,
246,205.8392428,0.69103125,N-Carbamoyl-DL-aspartic acid,C5H8N2O5,
247,315.2534244,12.82948782,Ureidosuccinic acid,C5H8N2O5,
248,857.5177447,16.64627037,L-3-Amino-2-(oxalylamino)propanoic acid,C5H8N2O5,
249,285.2067096,13.00388397,L-2-Amino-3-(oxalylamino)propanoic acid,C5H8N2O5,
250,208.982845,1.237842949,"1,2-Dehydrosalsolinol",C10H11NO2,
251,352.7823438,0.75722381,5-Hydroxytryptophol,C10H11NO2,
252,185.0816645,9.954461538,"N,N-dimethylindoliumolate",C10H11NO2,
253,114.9335515,17.00232692,Plantagonine,C10H11NO2,
254,207.0118424,8.767069872,5-[2H-Pyrrol-4-(3H)-ylidenemethyl]-2-furanmethanol,C10H11NO2,
255,720.536851,14.69581667,2-Propenyl 2-aminobenzoate,C10H11NO2,
256,540.3296859,13.63113462,MDAI,C10H11NO2,
257,121.999305,17.08687179,"1,2-Dehydrosalsolinol",C10H11NO2,
258,148.9434914,0.701804487,5-Hydroxytryptophol,C10H11NO2,
259,207.8363244,0.692068519,"N,N-dimethylindoliumolate",C10H11NO2,
260,94.82778026,0.711508333,Plantagonine,C10H11NO2,
261,188.8623443,0.072637179,5-[2H-Pyrrol-4-(3H)-ylidenemethyl]-2-furanmethanol,C10H11NO2,
262,280.9233396,0.589312179,2-Propenyl 2-aminobenzoate,C10H11NO2,
263,140.9791409,0.663464103,MDAI,C10H11NO2,
264,176.8366096,0.748333333,2-Aminobenzoylacetate,C9H9NO3,
265,132.9951274,0.823726667,"N-Acetylanthranilate;
2-(Acetylamino)-benzoic acid;
N-Acetylanthranilic acid",C9H9NO3,
266,165.0404819,16.91636538,"5,8-Dihydroxy-3,4-dihydrocarbostyril",C9H9NO3,
267,106.0044221,17.01758333,p-Acetaminobenzoic acid,C9H9NO3,
268,155.1074415,10.02157179,"2,5,6-Trihydroxy-5,6-dihydroquinoline",C9H9NO3,
269,568.3611933,14.76982179,Methyl n-formylanthranilate,C9H9NO3,
270,109.0291609,17.00175,1-(4-Methoxyphenyl)-2-nitroethylene,C9H9NO3,
271,249.149253,15.01066538,3-Succinoylpyridine,C9H9NO3,
272,252.9043528,0.599687179,Hippuric acid,C9H9NO3,
273,241.1061073,10.09706731,Adrenochrome,C9H9NO3,
274,240.8841157,0.07674359,5-Hydroxyisourate,C5H4N4O4,
275,374.2438811,12.59045256,5-Hydroxyisourate,C5H4N4O4,
276,297.1523121,12.85371923,"Otonecine;
(1R,4beta,7abeta)-2,3,5,7a-Tetrahydro-1,7a-dihydroxy-7-(hydroxymethyl)-4-methyl-1H-pyrrolizin-4-ium",C9H15NO3,
277,177.0025938,0.845911538,PRIMA-1,C9H15NO3,
278,153.0554737,0.099334615,4-Hepteneoylglycine,C9H15NO3,
279,228.8511949,0.710371795,3-Hepteneoylglycine,C9H15NO3,
280,203.798572,0.712546429,5-Hepteneoylglycine,C9H15NO3,
281,239.0919545,9.327375641,2-Hepteneoylglycine,C9H15NO3,
282,210.0768014,12.88042308,Pseudoecgonine,C9H15NO3,
283,299.2587843,14.31425962,Ecgonine,C9H15NO3,
284,833.5181445,16.958375,N-Isovaleryl-L-homoserine lactone,C9H15NO3,
285,82.95341136,0.801870513,"Otonecine;
(1R,4beta,7abeta)-2,3,5,7a-Tetrahydro-1,7a-dihydroxy-7-(hydroxymethyl)-4-methyl-1H-pyrrolizin-4-ium",C9H15NO3,
286,171.1023216,9.766667949,PRIMA-1,C9H15NO3,
287,252.135823,9.274855769,4-Hepteneoylglycine,C9H15NO3,
288,207.0654808,10.64337436,3-Hepteneoylglycine,C9H15NO3,
289,201.1491822,12.06067179,5-Hepteneoylglycine,C9H15NO3,
290,251.0950043,10.29377179,2-Hepteneoylglycine,C9H15NO3,
291,239.0591405,14.88082628,Pseudoecgonine,C9H15NO3,
292,241.1439471,11.90676538,Ecgonine,C9H15NO3,
293,208.8667134,0.628482,N-Isovaleryl-L-homoserine lactone,C9H15NO3,
294,171.0119875,7.126770513,"Otonecine;
(1R,4beta,7abeta)-2,3,5,7a-Tetrahydro-1,7a-dihydroxy-7-(hydroxymethyl)-4-methyl-1H-pyrrolizin-4-ium",C9H15NO3,
295,158.9444305,0.57543141,PRIMA-1,C9H15NO3,
296,206.7886866,0.7326875,4-Hepteneoylglycine,C9H15NO3,
297,138.8748315,0.686445833,3-Hepteneoylglycine,C9H15NO3,
298,178.8337883,0.763021429,5-Hepteneoylglycine,C9H15NO3,
299,293.1783576,13.8576859,2-Hepteneoylglycine,C9H15NO3,
300,215.1646922,12.70865256,Pseudoecgonine,C9H15NO3,
301,201.1130741,10.45345385,Ecgonine,C9H15NO3,
302,313.0779119,15.74442244,N-Isovaleryl-L-homoserine lactone,C9H15NO3,
303,293.1756304,12.8100891,6-Acetamido-3-aminohexanoate,C8H16N2O3,
304,215.1646184,12.61340897,Gly Leu,C8H16N2O3,
305,134.8945219,0.70036859,Val Ala,C8H16N2O3,
306,124.9838615,0.646860256,Ile Gly,C8H16N2O3,
307,203.1285908,10.04386026,Gly Ile,C8H16N2O3,
308,207.0652684,0.111937179,Ala Val,C8H16N2O3,
309,217.1078755,8.801133974,Leu Gly,C8H16N2O3,
310,229.1805834,13.31148974,D-Alanyl-D-Valine,C8H16N2O3,
311,299.2587708,14.41426346,Isoleucyl-Glycine,C8H16N2O3,
312,252.136365,12.21332564,N-Alpha-acetyllysine,C8H16N2O3,
313,299.2588056,14.63007436,Glycyl-Isoleucine,C8H16N2O3,
314,229.1437984,11.34351731,Glycyl-L-leucine,C8H16N2O3,
315,238.9312915,0.664416667,Valyl-Alanine,C8H16N2O3,
316,306.9189374,0.663182692,Leucyl-Glycine,C8H16N2O3,
317,374.9060471,0.650511806,N2-Acetyl-L-Lysine,C8H16N2O3,
318,240.9281912,0.662325641,"N2-Acetyl-L-lysine;
N(alpha)-Acetyllysine",C8H16N2O3,
319,308.9155229,0.652716026,(3S)-6-Acetamido-3-aminohexanoate,C8H16N2O3,
320,141.0193692,17.04576282,N-lactoyl-Valine,C8H15NO4,
321,143.0349433,17.01746795,3-hydroxyhexanoylglycine,C8H15NO4,
322,134.8943862,17.00359615,1-hydroxyhexanoylglycine,C8H15NO4,
323,790.4282223,0.694595833,2-hydroxyhexanoylglycine,C8H15NO4,
324,736.462989,0.69478125,4-hydroxyhexanoylglycine,C8H15NO4,
325,628.578576,0.676966667,5-hydroxyhexanoylglycine,C8H15NO4,
326,97.00390731,17.03683974,N-Methylcalystegine B2,C8H15NO4,
327,156.03136,17.01716026,L-Allysine Ethylene Acetal,C8H15NO4,
328,159.0298809,17.35060897,Alexine,C8H15NO4,
329,306.8973583,0.614977564,Australine,C8H15NO4,
330,128.0120122,17.01701282,2 -(Butylamido)-4-hydroxybutanoic acid,C8H15NO4,
331,202.0019395,0.814443333,Castanospermine,C8H15NO4,
332,136.8913378,17.00001282,(2S)-2-{[1-(R)-Carboxyethyl]amino}pentanoate,C8H15NO4,
333,100.9331741,17.00539744,Isosorbide Mononitrate,C6H9NO6,
334,144.9430663,0.064833974,gamma-Carboxyglutamic acid,C6H9NO6,
335,206.972713,0.595725641,Isosorbide 2-mononitrate,C6H9NO6,
336,115.9205185,0.054553205,"O-Oxalylhomoserine;
O-Oxalyl-L-homoserine",C6H9NO6,
337,198.8945353,0.065537179,"Nitrilotriacetic acid;
Triglycollamic acid;
Nitrilotriacetate",C6H9NO6,
338,188.9329612,0.066070513,Oxoamide,C10H12N2O2,
339,94.94542515,0.70679902,Hydroxycotinine,C10H12N2O2,
340,118.9234944,17.0015641,N'-Hydroxymethylnorcotinine,C10H12N2O2,
341,183.0659276,8.026392949,5'-Hydroxycotinine,C10H12N2O2,
342,174.8392977,0.726195238,Cotinine N-oxide,C10H12N2O2,
343,172.84215,0.716094118,N-Hydroxymethylnorcotinine,C10H12N2O2,
344,326.851674,0.069630128,N'-Hydroxymethylnorcotinine,C10H12N2O2,
345,182.8961726,0.057130769,Acanthicifoline,C10H12N2O2,
346,466.3072556,15.69339,"2,6-Dihydroxy-N-methylmyosmine",C10H12N2O2,
347,524.2774278,12.87965833,Gentioflavine,C10H11NO3,
348,153.8682562,16.99390385,3-Methylhippuric acid,C10H11NO3,
349,212.9105461,17.00310897,Cichorine,C10H11NO3,
350,153.8683774,0.701272222,"5,6-Dihydroxy-3-methyl-2-oxo-1,2,5,6-tetrahydroquinoline",C10H11NO3,
351,135.0439567,17.01701282,(3-Arylcarbonyl)-alanine,C10H11NO3,
352,141.0493921,10.00216218,3-Carbamoyl-2-phenylpropionaldehyde,C10H11NO3,
353,99.92538989,17.30789744,N-Phenylacetylglycine,C10H11NO3,
354,199.0969965,10.27327308,Methyl hippurate,C10H11NO3,
355,154.9741484,0.640710256,4-Anilino-4-oxobutanoic acid,C10H11NO3,
356,221.1541548,14.02279808,p-Methylhippuric acid,C10H11NO3,
357,173.0816691,9.036430769,2-Methylhippuric acid,C10H11NO3,
358,171.1022997,10.56333718,Methyl n-acetylanthranilate,C10H11NO3,
359,199.0970196,9.145224359,m-Methylhippuric acid,C10H11NO3,
360,199.0969626,10.62184808,"4-Hydroxy-5-phenyltetrahydro-1,3-oxazin-2-one",C10H11NO3,
361,199.0969924,10.12232372,Betamipron,C10H11NO3,
362,215.1282325,10.43306474,3-Methyl-L-tyrosine,C10H13NO3,
363,203.1285176,11.37507885,O-Benzyl-L-Serine,C10H13NO3,
364,135.045065,10.05753782,alpha-Methyl-m-tyrosine,C10H13NO3,
365,229.1806654,12.48512949,L-Homotyrosine,C10H13NO3,
366,154.9818133,1.128000641,Damascenine,C10H13NO3,
367,241.1438845,11.14068205,"N-methyl-4,6,7-trihydroxy-1,2,3,4-tetrahydroisoquinoline",C10H13NO3,
368,306.9246344,0.579144872,N-Acetyldopamine,C10H13NO3,
369,92.02489323,17.01726923,"2-Phenyl-1,3-propanediol monocarbamate",C10H13NO3,
370,101.0239954,0.096183333,Metyrosine,C10H13NO3,
371,570.6192224,0.671598718,Tyrosine methylester,C10H13NO3,
372,568.6220362,0.673578333,"2-Isopropyl-3,5-dimethoxy-6-methylpyrazine",C10H16N2O2,
373,514.6566511,0.683264444,L-alpha-Amino-1H-pyrrole-1-hexanoic acid,C10H16N2O2,
374,152.9782618,0.608264744,"Fasoracetam;
NS 105",C10H16N2O2,
375,120.0564519,17.0155641,"Naphthalic anhydride;
1,8-Naphthalic anhydride",C12H6O3,
376,414.8578949,0.544834615,"N-Hexanoyl-L-homoserine lactone;
C6-HSL;
N-[(3S)-Tetrahydro-2-oxo-3-furanyl]-hexanamide",C10H17NO3,
377,284.8420963,0.078562821,Tussilagine,C10H17NO3,
378,94.00415712,17.01697436,N-Acetyltranexamic acid,C10H17NO3,
379,238.9103332,0.55981859,N-hexanoyl-L-Homoserine lactone,C10H17NO3,
380,334.9213304,0.641759615,6-octenoylglycine,C10H17NO3,
381,146.0232883,17.01761538,5-octenoylglycine,C10H17NO3,
382,320.8857893,0.069470513,4-octenoylglycine,C10H17NO3,
383,333.1703016,12.77116218,7-octenoylglycine,C10H17NO3,
384,189.1127374,10.58300064,2-octenoylglycine,C10H17NO3,
385,99.92539021,17.09478205,3-octenoylglycine,C10H17NO3,
386,180.9894542,0.05405,Ecgonine methyl ester,C10H17NO3,
387,136.8915588,0.697696154,Neotussilagine,C10H17NO3,
388,189.112661,9.793345513,"N-Hexanoyl-L-homoserine lactone;
C6-HSL;
N-[(3S)-Tetrahydro-2-oxo-3-furanyl]-hexanamide",C10H17NO3,
389,189.1126908,10.52179551,Tussilagine,C10H17NO3,
390,154.9280323,8.493290385,N-Acetyltranexamic acid,C10H17NO3,
391,135.030897,17.01526282,N-hexanoyl-L-Homoserine lactone,C10H17NO3,
392,92.94810412,0.689077778,6-octenoylglycine,C10H17NO3,
393,92.90681931,0.688643056,5-octenoylglycine,C10H17NO3,
394,444.8187587,0.079471154,4-octenoylglycine,C10H17NO3,
395,115.0033381,1.718399359,7-octenoylglycine,C10H17NO3,
396,501.2809858,12.85261859,2-octenoylglycine,C10H17NO3,
397,210.9223525,0.563647436,3-octenoylglycine,C10H17NO3,
398,179.0739723,9.115141026,Ecgonine methyl ester,C10H17NO3,
399,436.8406623,0.585026282,Neotussilagine,C10H17NO3,
400,230.9485558,0.548820513,"NG,NG'-dimethyl-L-arginine ",C8H18N4O2,
401,171.0303192,17.01701282,"NG,NG-dimethyl-L-arginine ",C8H18N4O2,
402,254.8524119,0.064933333,Arg-OEt,C8H18N4O2,
403,244.8970347,0.644917308,N2-Acetyl-L-aminoadipate,C8H13NO5,
404,296.8686345,7.995785897,N2-Acetyl-L-aminoadipate,C8H13NO5,
405,165.0552423,10.83487628,L-Acetylcarnitine,C9H17NO4,
406,170.0468951,17.01777564,N-lactoyl-Leucine,C9H17NO4,
407,139.9977945,0.847864103,Succinylmonocholine,C9H17NO4,
408,154.9977303,0.736538462,Acetyl-D-carnitine,C9H17NO4,
409,138.9066662,0.056137821,DL-Acetylcarnitine,C9H17NO4,
410,250.8593617,0.594937179,L-Glutamic acid n-butyl ester,C9H17NO4,
411,332.8689697,0.064029487,"2-Oxo-8-methylthiooctanoic acid;
8-Methylthio-2-octanoic acid",C9H16O3S,
412,89.01400618,17.01886538,Gentianamine,C11H11NO3,
413,124.026785,17.02158333,Swietenidin B,C11H11NO3,
414,224.8648362,0.636172222,N-(3-Hydroxypropyl)phthalimide,C11H11NO3,
415,109.0251584,17.01571795,Indolelactic acid,C11H11NO3,
416,157.0137569,0.731990385,Methyl 1-methoxy-1H-indole-3-carboxylate,C11H11NO3,
417,343.9947692,0.956711111,5-Methoxyindoleacetate,C11H11NO3,
418,377.0850365,0.742599359,Edulitine,C11H11NO3,
419,379.0821407,0.742067308,Cinnamoylglycine,C11H11NO3,
420,161.0452897,0.710910897,3-Indolehydracrylic acid,C11H11NO3,
421,387.1138735,0.799922436,"2,3-dihydro-2-oxo-1H-Benzimidazole-1-propanoic acid",C10H10N2O3,
422,167.0207049,1.867382692,2-[(4-methoxyphenyl)formamido]acetic acid,C10H11NO4,
423,175.0245076,1.12759359,2-{[hydroxy(3-methoxyphenyl)methylidene]amino}acetic acid,C10H11NO4,
424,179.0558142,0.724242949,2-{[hydroxy(2-methoxyphenyl)methylidene]amino}acetic acid,C10H11NO4,
425,124.0076995,0.679041026,3-Carbamoyl-2-phenylpropionic acid,C10H11NO4,
426,156.0664415,10.94239615,Hydroxyphenylacetylglycine,C10H11NO4,
427,229.0613181,11.50627885,"N-Benzyloxycarbonylglycine;
N-CBZ-glycine",C10H11NO4,
428,187.0069599,8.562299359,Methylsalicyluric acid,C10H11NO4,
429,146.045651,0.75885,Phosphocreatine,C4H10N3O5P,
430,341.1082813,0.8004,2-hydroxyoct-1-enoylglycine,C10H17NO4,
431,206.045507,10.06736987,3-hydroxyoct-1-enoylglycine,C10H17NO4,
432,232.0823645,8.568511538,4-hydroxyoct-1-enoylglycine,C10H17NO4,
433,218.1029163,6.5636275,1-hydroxyoct-2-enoylglycine,C10H17NO4,
434,206.1011081,7.673743182,3-hydroxyoct-2-enoylglycine,C10H17NO4,
435,303.1345985,11.50595769,3-hydroxyoct-7-enoylglycine,C10H17NO4,
436,173.0088521,0.954082692,3-hydroxyoct-3-enoylglycine,C10H17NO4,
437,101.0239894,0.717294872,5-hydroxyoct-4-enoylglycine,C10H17NO4,
438,181.0365254,6.154286957,4-hydroxyoct-5-enoylglycine,C10H17NO4,
439,214.0482007,0.686983333,2-hydroxyoct-5-enoylglycine,C10H17NO4,
440,128.9594595,0.647118939,4-hydroxyoct-6-enoylglycine,C10H17NO4,
441,404.1037315,0.765834167,7-hydroxyoct-3-enoylglycine,C10H17NO4,
442,89.0238231,0.801648077,6-hydroxyoct-3-enoylglycine,C10H17NO4,
443,466.1234087,0.708073333,4-hydroxyoct-2-enoylglycine,C10H17NO4,
444,133.0140658,1.066079487,3-hydroxyoct-5-enoylglycine,C10H17NO4,
445,143.0347154,0.737689103,2-hydroxyoct-6-enoylglycine,C10H17NO4,
446,135.0297685,0.822067949,4-hydroxyoct-7-enoylglycine,C10H17NO4,
447,632.2034485,0.836523333,7-hydroxyoct-5-enoylglycine,C10H17NO4,
448,280.1184261,10.06699551,6-hydroxyoct-6-enoylglycine,C10H17NO4,
449,121.0442654,2.280511594,6-hydroxyoct-5-enoylglycine,C10H17NO4,
450,191.019511,0.660223718,7-hydroxyoct-2-enoylglycine,C10H17NO4,
451,147.0296835,0.650409615,5-hydroxyoct-3-enoylglycine,C10H17NO4,
452,230.1392339,10.94244359,7-hydroxyoct-7-enoylglycine,C10H17NO4,
453,173.0088369,2.495890385,5-hydroxyoct-6-enoylglycine,C10H17NO4,
454,706.2405181,0.896991228,1-hydroxyoct-3-enoylglycine,C10H17NO4,
455,113.0240817,0.720564103,2-hydroxyoct-7-enoylglycine,C10H17NO4,
456,145.0140176,1.248375,6-hydroxyoct-4-enoylglycine,C10H17NO4,
457,117.0191084,2.316529487,5-hydroxyoct-7-enoylglycine,C10H17NO4,
458,421.0651772,0.763926667,6-hydroxyoct-1-enoylglycine,C10H17NO4,
459,129.0192121,0.721464103,5-hydroxyoct-5-enoylglycine,C10H17NO4,
460,225.0611804,0.709972436,2-hydroxyoct-2-enoylglycine,C10H17NO4,
461,158.0092462,8.551932667,6-hydroxyoct-2-enoylglycine,C10H17NO4,
462,195.0510237,7.374926282,6-hydroxyoct-7-enoylglycine,C10H17NO4,
463,89.02382629,1.233875,2-hydroxyoct-4-enoylglycine,C10H17NO4,
464,142.997917,0.968108974,1-hydroxyoct-4-enoylglycine,C10H17NO4,
465,226.9960051,0.971549242,3-hydroxyoct-4-enoylglycine,C10H17NO4,
466,178.0507205,7.992123718,3-hydroxyoct-6-enoylglycine,C10H17NO4,
467,129.0191827,2.616480128,5-hydroxyoct-1-enoylglycine,C10H17NO4,
468,145.0616807,0.713935507,7-hydroxyoct-1-enoylglycine,C10H17NO4,
469,111.0085621,1.926776923,1-hydroxyoct-7-enoylglycine,C10H17NO4,
470,378.0952161,10.06691533,5-hydroxyoct-2-enoylglycine,C10H17NO4,
471,171.0057553,0.684217308,2-hydroxyoct-3-enoylglycine,C10H17NO4,
472,264.9338196,0.632640278,7-hydroxyoct-6-enoylglycine,C10H17NO4,
473,73.02876964,0.74265641,1-hydroxyoct-6-enoylglycine,C10H17NO4,
474,119.0347795,0.761560256,4-hydroxyoct-3-enoylglycine,C10H17NO4,
475,118.9306717,0.674469167,4-hydroxyoct-4-enoylglycine,C10H17NO4,
476,99.00829715,0.932207692,1-hydroxyoct-5-enoylglycine,C10H17NO4,
477,556.1637848,0.708230833,7-hydroxyoct-4-enoylglycine,C10H17NO4,
478,191.0194716,1.108858974,Propenoylcarnitine,C10H17NO4,
479,189.0401841,2.554373077,"2-amino-8-oxo-9,10-epoxy-decanoic acid",C10H17NO4,
480,719.2005005,0.716075833,"2-amino-8-oxo-9,10-epoxy-decanoic acid",C10H17NO4,
481,280.9073319,0.652648077,"2-Amino-9,10-epoxy-8-oxodecanoic acid",C10H17NO4,
482,523.1429009,0.773613333,2-hydroxyoct-1-enoylglycine,C10H17NO4,
483,97.02897921,0.746353205,3-hydroxyoct-1-enoylglycine,C10H17NO4,
484,131.0347888,0.725466667,4-hydroxyoct-1-enoylglycine,C10H17NO4,
485,270.9856588,0.962705833,1-hydroxyoct-2-enoylglycine,C10H17NO4,
486,71.01308855,0.736539103,3-hydroxyoct-2-enoylglycine,C10H17NO4,
487,153.0191667,8.680627564,3-hydroxyoct-7-enoylglycine,C10H17NO4,
488,385.0982311,0.77420873,3-hydroxyoct-3-enoylglycine,C10H17NO4,
489,209.0298431,0.707284167,5-hydroxyoct-4-enoylglycine,C10H17NO4,
490,180.0523323,6.080483333,4-hydroxyoct-5-enoylglycine,C10H17NO4,
491,431.1034345,0.807177778,2-hydroxyoct-5-enoylglycine,C10H17NO4,
492,305.0120857,0.9501925,4-hydroxyoct-6-enoylglycine,C10H17NO4,
493,207.0506113,0.733344231,7-hydroxyoct-3-enoylglycine,C10H17NO4,
494,212.001924,8.12162381,6-hydroxyoct-3-enoylglycine,C10H17NO4,
495,111.0085652,0.948010897,4-hydroxyoct-2-enoylglycine,C10H17NO4,
496,348.8950112,0.651009615,3-hydroxyoct-5-enoylglycine,C10H17NO4,
497,155.0096173,1.173165942,2-hydroxyoct-6-enoylglycine,C10H17NO4,
498,752.2457397,0.915421667,4-hydroxyoct-7-enoylglycine,C10H17NO4,
499,172.9911674,7.082536667,7-hydroxyoct-5-enoylglycine,C10H17NO4,
500,132.03006,0.719062179,6-hydroxyoct-6-enoylglycine,C10H17NO4,
501,115.0398368,0.716302564,6-hydroxyoct-5-enoylglycine,C10H17NO4,
502,308.098262,0.80311,7-hydroxyoct-2-enoylglycine,C10H17NO4,
503,375.0695511,0.72357,5-hydroxyoct-3-enoylglycine,C10H17NO4,
504,228.9928908,0.956571429,7-hydroxyoct-7-enoylglycine,C10H17NO4,
505,125.0242348,0.738261538,5-hydroxyoct-6-enoylglycine,C10H17NO4,
506,200.1287107,10.41172333,1-hydroxyoct-3-enoylglycine,C10H17NO4,
507,219.0146108,0.982183974,2-hydroxyoct-7-enoylglycine,C10H17NO4,
508,195.0505971,0.708741026,6-hydroxyoct-4-enoylglycine,C10H17NO4,
509,332.9213217,0.644376984,5-hydroxyoct-7-enoylglycine,C10H17NO4,
510,455.1012761,0.791944444,6-hydroxyoct-1-enoylglycine,C10H17NO4,
511,105.0189239,0.830084615,5-hydroxyoct-5-enoylglycine,C10H17NO4,
512,181.0504184,7.524696154,2-hydroxyoct-2-enoylglycine,C10H17NO4,
513,83.01319152,0.73660641,6-hydroxyoct-2-enoylglycine,C10H17NO4,
514,164.0714695,6.153730159,6-hydroxyoct-7-enoylglycine,C10H17NO4,
515,120.9278158,0.674429167,2-hydroxyoct-4-enoylglycine,C10H17NO4,
516,495.1116707,0.7700825,1-hydroxyoct-4-enoylglycine,C10H17NO4,
517,852.2981662,0.838765,3-hydroxyoct-4-enoylglycine,C10H17NO4,
518,207.0142664,0.861063492,3-hydroxyoct-6-enoylglycine,C10H17NO4,
519,126.9045549,0.791405128,5-hydroxyoct-1-enoylglycine,C10H17NO4,
520,147.0449143,11.47847756,7-hydroxyoct-1-enoylglycine,C10H17NO4,
521,152.9956198,0.756251282,1-hydroxyoct-7-enoylglycine,C10H17NO4,
522,447.1350226,0.8246525,5-hydroxyoct-2-enoylglycine,C10H17NO4,
523,131.0712143,7.687237179,2-hydroxyoct-3-enoylglycine,C10H17NO4,
524,243.0616718,1.494294167,7-hydroxyoct-6-enoylglycine,C10H17NO4,
525,159.0296556,0.720272436,1-hydroxyoct-6-enoylglycine,C10H17NO4,
526,326.0596243,7.68511746,4-hydroxyoct-3-enoylglycine,C10H17NO4,
527,128.035185,0.715944231,4-hydroxyoct-4-enoylglycine,C10H17NO4,
528,193.0349046,0.657130769,1-hydroxyoct-5-enoylglycine,C10H17NO4,
529,149.0452633,0.751566026,7-hydroxyoct-4-enoylglycine,C10H17NO4,
530,209.0662041,0.825612179,Propenoylcarnitine,C10H17NO4,
531,189.0027168,8.567332051,"2-amino-8-oxo-9,10-epoxy-decanoic acid",C10H17NO4,
532,439.0849506,0.854508333,"2-amino-8-oxo-9,10-epoxy-decanoic acid",C10H17NO4,
533,188.0349411,7.722590152,"2-Amino-9,10-epoxy-8-oxodecanoic acid",C10H17NO4,
534,189.003649,1.173565385,Val Val,C10H20N2O3,
535,188.9860584,6.574693333,Valyl-Valine,C10H20N2O3,
536,365.0354696,0.958758333,O-propanoyl-D-carnitine,C10H19NO4,
537,332.1111617,11.47534551,Propionyl-L-carnitine,C10H19NO4,
538,181.0364838,5.628487778,(±)-Propionylcarnitine,C10H19NO4,
539,513.1222137,0.710903333,Propionylcarnitine,C10H19NO4,
540,371.1217758,11.5127575,N-(3-carboxypropanoyl)-N-hydroxycadaverine,C9H18N2O4,
541,274.0884842,7.672421667,Serylisoleucine,C9H18N2O4,
542,298.1265293,10.94155556,Serylleucine,C9H18N2O4,
543,525.1404785,0.798491667,Threoninyl-Valine,C9H18N2O4,
544,533.1714666,0.838477273,Meprobamate,C9H18N2O4,
545,130.9573751,0.672258974,L-Lysopine,C9H18N2O4,
546,165.0401239,0.718117308,Leucyl-Serine,C9H18N2O4,
547,115.0033754,1.098502564,Isoleucyl-Serine,C9H18N2O4,
548,211.0010453,0.928582,Pantothenamide,C9H18N2O4,
549,281.0145436,0.959248333,Valyl-Threonine,C9H18N2O4,
550,309.1121005,5.916085833,Ile Ser,C9H18N2O4,
551,147.0296448,1.558613462,Ser Leu,C9H18N2O4,
552,405.0277908,1.930336667,Ser Ile,C9H18N2O4,
553,469.0203646,0.796124167,Thr Val,C9H18N2O4,
554,177.0401429,0.793479487,Leu Ser,C9H18N2O4,
555,111.0085858,2.456547436,"D-Lysopine;
N2-(D-1-Carboxyethyl)-L-lysine;
Lysopine",C9H18N2O4,
556,310.9781342,1.956467949,Val Thr,C9H18N2O4,
557,348.105748,10.06622333,Meprobamate,C9H18N2O4,
558,254.9045835,0.701137179,"9,9-dimethoxy-nonanoic acid",C11H22O4,
559,180.0662554,3.384525758,N-Acetyl-D-hexosamine,C8H15NO6,
560,115.0034229,1.023912179,"N-Acetyl-D-allosamine;
2-Acetamido-2-deoxy-D-allopyranose",C8H15NO6,
561,416.8827534,0.647760833,"N-Acetyl-D-gulosamine;
2-Acetamido-2-deoxy-D-gulopyranose",C8H15NO6,
562,323.0281152,1.20395873,N-Acetyl-alpha-D-glucosamine,C8H15NO6,
563,210.9497218,0.588869231,"N-Acetyl-D-talosamine;
2-Acetamido-2-deoxy-D-talopyranose",C8H15NO6,
564,170.0915062,6.1519275,"N-Acetyl-D-mannosamine;
2-Acetamido-2-deoxy-D-mannose",C8H15NO6,
565,163.039787,10.03022179,"N-Acetyl-L-idosamine;
2-Acetamido-2-deoxy-L-idopyranose",C8H15NO6,
566,551.1457255,0.714660833,"N-Acetyl-L-altrosamine;
2-Acetamido-2-deoxy-L-altropyranose",C8H15NO6,
567,85.02889107,0.772625641,N-Acetylgalactosamine,C8H15NO6,
568,103.0397058,2.216187821,N-Acetylmannosamine,C8H15NO6,
569,186.0534686,7.921940385,N-Acetyl-D-glucosamine,C8H15NO6,
570,533.1355858,0.724986667,N-Acetyl-b-D-galactosamine,C8H15NO6,
571,129.0556084,7.357299359,Avenic acid B,C8H15NO6,
572,332.0956429,6.563630833,Aldehydo-N-acetyl-D-glucosamine,C8H15NO6,
573,164.9443172,0.589378205,Aldehydo-N-acetyl-D-mannosamine,C8H15NO6,
574,346.0550234,1.6681825,beta-N-Acetylglucosamine,C8H15NO6,
575,423.0323189,0.733560833,N-Acetylmannosamine,C8H15NO6,
576,85.02891895,2.449904487,N-Acetylhexosamine,C8H15NO6,
577,294.9829113,1.177738235,N-Acetyl-ß-D-mannosamine,C8H15NO6,
578,152.0020415,0.8262825,"N-Acetyl-D-galactosamine;
N-Acetyl-D-chondrosamine;
2-Acetamido-2-deoxy-D-galactose",C8H15NO6,
579,227.0909066,9.671863462,"(10aS)-10,10a-Dihydrophenazine-1-carboxylate",C13H10N2O2,
580,352.0408699,8.580890833,"5,10-Dihydrophenazine-1-carboxylate",C13H10N2O2,
581,186.0863209,3.381143333,Porphobilinogen,C10H14N2O4,
582,212.9205935,0.6561525,Carbidopa,C10H14N2O4,
583,243.0616779,2.8742425,"L-Arogenate;
L-Arogenic acid;
Pretyrosine",C10H13NO5,
584,142.0658962,11.50569333,"Torcitabine;
L-dC;
2'-Deoxy-beta-L-cytidine;
beta-L-2'-Deoxycytidine",C9H13N3O4,
585,117.0555523,5.984462821,2-Deoxycytidine,C9H13N3O4,
586,417.1244621,0.781158333,Oxabetrinil,C12H12N2O3,
587,302.1003029,0.771786667,Nalidixic Acid,C12H12N2O3,
588,194.045655,7.281244,Phenobarbital,C12H12N2O3,
589,286.0903549,6.563574167,N-Formyl-D-kynurenine,C11H12N2O4,
590,133.0504395,0.768559615,L-Formylkynurenine,C11H12N2O4,
591,261.0078545,10.00157917,N'-Formylkynurenine,C11H12N2O4,
592,337.0770056,1.265896667,"N,N-Dihydroxy-L-tryptophan",C11H12N2O4,
593,796.2354187,0.931968333,N-Carboxytocainide,C12H16N2O3,
594,299.0878844,1.418410833,Phe Ala,C12H16N2O3,
595,898.3037598,0.935703333,Ala Phe,C12H16N2O3,
596,111.0197824,1.224385256,Alanyl-DL-Phenylalanine,C12H16N2O3,
597,139.0034089,0.755541026,Carbetamide,C12H16N2O3,
598,421.1359812,8.076585833,N-Acetyl-5-methoxykynuramine,C12H16N2O3,
599,168.0176807,1.86623,Phenylalanyl-Alanine,C12H16N2O3,
600,186.0557545,11.50544917,O-Desmethyl-lacosamide,C12H16N2O3,